<?xml version="1.0" encoding="UTF-8"?>
<project-private xmlns="http://www.netbeans.org/ns/project-private/1">
    <editor-bookmarks xmlns="http://www.netbeans.org/ns/editor-bookmarks/2" lastBookmarkId="0"/>
    <open-files xmlns="http://www.netbeans.org/ns/projectui-open-files/2">
        <group>
            <file>file:/C:/Users/Yael%20Charles/OneDrive/Documentos/NetBeansProjects/CURSO%20JAVA/Ejecicio_integrador/src/main/Agua.java</file>
            <file>file:/C:/Users/Yael%20Charles/OneDrive/Documentos/NetBeansProjects/CURSO%20JAVA/Ejecicio_integrador/src/main/Pokemon.java</file>
            <file>file:/C:/Users/Yael%20Charles/OneDrive/Documentos/NetBeansProjects/CURSO%20JAVA/Ejecicio_integrador/src/main/Planta.java</file>
            <file>file:/C:/Users/Yael%20Charles/OneDrive/Documentos/NetBeansProjects/CURSO%20JAVA/Ejecicio_integrador/src/main/Equipo.java</file>
            <file>file:/C:/Users/Yael%20Charles/OneDrive/Documentos/NetBeansProjects/CURSO%20JAVA/Ejecicio_integrador/src/main/main.java</file>
            <file>file:/C:/Users/Yael%20Charles/OneDrive/Documentos/NetBeansProjects/CURSO%20JAVA/Ejecicio_integrador/src/main/Fuego.java</file>
            <file>file:/C:/Users/Yael%20Charles/OneDrive/Documentos/NetBeansProjects/CURSO%20JAVA/Ejecicio_integrador/src/main/Electrico.java</file>
        </group>
    </open-files>
</project-private>
